{
  "skills" : [ "PersonSkillEntry_BA_oEkm80yoqFr3A85OcgyL", "PersonSkillEntry_GW_IOPKIWgCRTwFCy7g6Bk4", "PersonSkillEntry_JAVA_pOYhv6q5vnRWzUGvCdPl", "PersonSkillEntry_REACT_129BhcrdgnXSFVixeehH" ],
  "surname" : "Yundt",
  "name" : "Marcel",
  "flags" : [ "PersonFlagEntry_Long_Leave_yofMZ7uIJpKBNM7Ro9Nc", "PersonFlagEntry_Ringfence_2O1rIBnWZZvan9u0wPHb" ],
  "active" : false,
  "form_of_employment" : "PersonFormOfEmployment_B2B_7784Wfhqfrvs5eEBivsX",
  "id" : "Person_Marcel_Yundt_fabE3C4YaBgveeLcpU1R",
  "std_hours" : null,
  "email" : "Lanny@email.com",
  "doj" : 1046579217124,
  "rank_grade" : "PersonRankGrade_31_1_6bdeYQJrIt97fOFvPdlT"
}