{
  "skills" : [ "PersonSkillEntry_BA_oEkm80yoqFr3A85OcgyL", "PersonSkillEntry_GW_IOPKIWgCRTwFCy7g6Bk4", "PersonSkillEntry_JAVA_pOYhv6q5vnRWzUGvCdPl", "PersonSkillEntry_REACT_129BhcrdgnXSFVixeehH" ],
  "surname" : "Kutch",
  "name" : "Emerson",
  "flags" : [ "PersonFlagEntry_Long_Leave_yofMZ7uIJpKBNM7Ro9Nc", "PersonFlagEntry_Ringfence_2O1rIBnWZZvan9u0wPHb" ],
  "active" : false,
  "form_of_employment" : "PersonFormOfEmployment_B2B_7784Wfhqfrvs5eEBivsX",
  "id" : "Person_Emerson_Kutch_Qzevn7UNEaksHsb51ZtB",
  "std_hours" : null,
  "email" : "Ezekiel@email.com",
  "doj" : 285139209940,
  "rank_grade" : "PersonRankGrade_31_1_6bdeYQJrIt97fOFvPdlT"
}